prof_id,week_day,hour_begin,hour_end,level,note,constraint
2,Fri,12:30,13:30,undesired,,"not (Fri, [12:30,13:30])"
2,Fri,18:30,19:30,impossible,,"NOT (Fri, [18:30,19:30])"
2,Mon,12:30,13:30,undesired,,"not (Mon, [12:30,13:30])"
2,Mon,18:30,19:30,undesired,,"not (Mon, [18:30,19:30])"
2,Thu,12:30,13:30,undesired,,"not (Thu, [12:30,13:30])"
2,Thu,18:30,19:30,impossible,,"NOT (Thu, [18:30,19:30])"
2,Tue,12:30,13:30,undesired,,"not (Tue, [12:30,13:30])"
2,Tue,18:30,19:30,undesired,,"not (Tue, [18:30,19:30])"
2,Wed,12:30,13:30,undesired,,"not (Wed, [12:30,13:30])"
2,Wed,18:30,19:30,undesired,,"not (Wed, [18:30,19:30])"
3,Fri,17:30,18:30,impossible,,"NOT (Fri, [17:30,18:30])"
3,Fri,18:30,19:30,impossible,,"NOT (Fri, [18:30,19:30])"
3,Mon,17:30,18:30,undesired,,"not (Mon, [17:30,18:30])"
3,Mon,18:30,19:30,undesired,,"not (Mon, [18:30,19:30])"
3,Thu,17:30,18:30,undesired,,"not (Thu, [17:30,18:30])"
3,Thu,18:30,19:30,undesired,,"not (Thu, [18:30,19:30])"
3,Tue,17:30,18:30,undesired,,"not (Tue, [17:30,18:30])"
3,Tue,18:30,19:30,undesired,,"not (Tue, [18:30,19:30])"
3,Wed,17:30,18:30,undesired,,"not (Wed, [17:30,18:30])"
3,Wed,18:30,19:30,undesired,,"not (Wed, [18:30,19:30])"
4,Mon,10:30,11:30,undesired,,"not (Mon, [10:30,11:30])"
4,Mon,11:30,12:30,undesired,,"not (Mon, [11:30,12:30])"
4,Mon,12:30,13:30,undesired,,"not (Mon, [12:30,13:30])"
4,Mon,13:30,14:30,undesired,,"not (Mon, [13:30,14:30])"
4,Mon,14:30,15:30,undesired,,"not (Mon, [14:30,15:30])"
4,Mon,15:30,16:30,undesired,,"not (Mon, [15:30,16:30])"
4,Mon,16:30,17:30,undesired,,"not (Mon, [16:30,17:30])"
4,Mon,8:30,9:30,undesired,,"not (Mon, [8:30,9:30])"
4,Mon,9:30,10:30,undesired,,"not (Mon, [9:30,10:30])"
5,Fri,17:30,18:30,undesired,,"not (Fri, [17:30,18:30])"
5,Fri,18:30,19:30,undesired,,"not (Fri, [18:30,19:30])"
5,Fri,8:30,9:30,undesired,,"not (Fri, [8:30,9:30])"
5,Fri,9:30,10:30,undesired,,"not (Fri, [9:30,10:30])"
5,Mon,10:30,11:30,undesired,,"not (Mon, [10:30,11:30])"
5,Mon,8:30,09:30,impossible,,"NOT (Mon, [8:30,09:30])"
5,Mon,9:30,10:30,undesired,,"not (Mon, [9:30,10:30])"
5,Thu,18:30,19:30,undesired,,"not (Thu, [18:30,19:30])"
5,Wed,17:30,18:30,undesired,,"not (Wed, [17:30,18:30])"
5,Wed,18:30,19:30,impossible,,"NOT (Wed, [18:30,19:30])"
6,Tue,10:30,11:30,undesired,,"not (Tue, [10:30,11:30])"
6,Tue,11:30,12:30,undesired,,"not (Tue, [11:30,12:30])"
6,Tue,12:30,13:30,impossible,,"NOT (Tue, [12:30,13:30])"
6,Tue,8:30,9:30,undesired,,"not (Tue, [8:30,9:30])"
6,Tue,9:30,10:30,undesired,,"not (Tue, [9:30,10:30])"
6,Wed,10:30,11:30,undesired,,"not (Wed, [10:30,11:30])"
6,Wed,11:30,12:30,undesired,,"not (Wed, [11:30,12:30])"
6,Wed,12:30,13:30,impossible,,"NOT (Wed, [12:30,13:30])"
6,Wed,8:30,9:30,undesired,,"not (Wed, [8:30,9:30])"
6,Wed,9:30,10:30,undesired,,"not (Wed, [9:30,10:30])"
7,Fri,18:30,19:30,undesired,,"not (Fri, [18:30,19:30])"
7,Fri,8:30,09:30,undesired,,"not (Fri, [8:30,09:30])"
7,Mon,18:30,19:30,impossible,,"NOT (Mon, [18:30,19:30])"
7,Mon,8:30,09:30,undesired,,"not (Mon, [8:30,09:30])"
7,Thu,18:30,19:30,undesired,,"not (Thu, [18:30,19:30])"
7,Thu,8:30,09:30,undesired,,"not (Thu, [8:30,09:30])"
7,Tue,18:30,19:30,impossible,,"NOT (Tue, [18:30,19:30])"
7,Tue,8:30,09:30,undesired,,"not (Tue, [8:30,09:30])"
7,Wed,18:30,19:30,undesired,,"not (Wed, [18:30,19:30])"
7,Wed,8:30,09:30,undesired,,"not (Wed, [8:30,09:30])"
8,Fri,13:30,14:30,undesired,,"not (Fri, [13:30,14:30])"
8,Fri,14:30,15:30,undesired,,"not (Fri, [14:30,15:30])"
8,Mon,13:30,14:30,undesired,,"not (Mon, [13:30,14:30])"
8,Mon,14:30,15:30,undesired,,"not (Mon, [14:30,15:30])"
8,Thu,13:30,14:30,undesired,,"not (Thu, [13:30,14:30])"
8,Thu,14:30,15:30,undesired,,"not (Thu, [14:30,15:30])"
8,Tue,13:30,14:30,undesired,,"not (Tue, [13:30,14:30])"
8,Tue,14:30,15:30,undesired,,"not (Tue, [14:30,15:30])"
8,Wed,13:30,14:30,impossible,,"NOT (Wed, [13:30,14:30])"
8,Wed,14:30,15:30,impossible,,"NOT (Wed, [14:30,15:30])"
9,Fri,18:30,19:30,impossible,,"NOT (Fri, [18:30,19:30])"
9,Fri,8:30,09:30,undesired,,"not (Fri, [8:30,09:30])"
9,Mon,18:30,19:30,undesired,,"not (Mon, [18:30,19:30])"
9,Mon,8:30,09:30,impossible,,"NOT (Mon, [8:30,09:30])"
9,Thu,18:30,19:30,undesired,,"not (Thu, [18:30,19:30])"
9,Thu,8:30,09:30,undesired,,"not (Thu, [8:30,09:30])"
9,Tue,18:30,19:30,undesired,,"not (Tue, [18:30,19:30])"
9,Tue,8:30,09:30,undesired,,"not (Tue, [8:30,09:30])"
9,Wed,18:30,19:30,undesired,,"not (Wed, [18:30,19:30])"
9,Wed,8:30,09:30,undesired,,"not (Wed, [8:30,09:30])"
10,Fri,10:30,11:30,undesired,,"not (Fri, [10:30,11:30])"
10,Fri,11:30,12:30,undesired,,"not (Fri, [11:30,12:30])"
10,Mon,10:30,11:30,undesired,,"not (Mon, [10:30,11:30])"
10,Mon,11:30,12:30,undesired,,"not (Mon, [11:30,12:30])"
10,Mon,8:30,9:30,impossible,,"NOT (Mon, [8:30,9:30])"
10,Mon,9:30,10:30,impossible,,"NOT (Mon, [9:30,10:30])"
10,Tue,10:30,11:30,undesired,,"not (Tue, [10:30,11:30])"
10,Tue,11:30,12:30,undesired,,"not (Tue, [11:30,12:30])"
10,Wed,10:30,11:30,undesired,,"not (Wed, [10:30,11:30])"
10,Wed,11:30,12:30,undesired,,"not (Wed, [11:30,12:30])"
11,Fri,15:30,16:30,undesired,,"not (Fri, [15:30,16:30])"
11,Fri,16:30,17:30,undesired,,"not (Fri, [16:30,17:30])"
11,Fri,17:30,18:30,undesired,,"not (Fri, [17:30,18:30])"
11,Fri,18:30,19:30,undesired,,"not (Fri, [18:30,19:30])"
11,Mon,17:30,18:30,undesired,,"not (Mon, [17:30,18:30])"
11,Mon,18:30,19:30,impossible,,"NOT (Mon, [18:30,19:30])"
11,Thu,17:30,18:30,undesired,,"not (Thu, [17:30,18:30])"
11,Thu,18:30,19:30,undesired,,"not (Thu, [18:30,19:30])"
11,Wed,17:30,18:30,undesired,,"not (Wed, [17:30,18:30])"
11,Wed,18:30,19:30,impossible,,"NOT (Wed, [18:30,19:30])"
12,Fri,15:30,16:30,undesired,,"not (Fri, [15:30,16:30])"
12,Fri,17:30,18:30,undesired,,"not (Fri, [17:30,18:30])"
12,Fri,18:30,19:30,impossible,,"NOT (Fri, [18:30,19:30])"
12,Mon,10:30,11:30,undesired,,"not (Mon, [10:30,11:30])"
12,Mon,8:30,09:30,impossible,,"NOT (Mon, [8:30,09:30])"
12,Mon,9:30,10:30,undesired,,"not (Mon, [9:30,10:30])"
13,Fri,8:30,09:30,undesired,,"not (Fri, [8:30,09:30])"
13,Mon,16:30,17:30,undesired,,"not (Mon, [16:30,17:30])"
13,Mon,8:30,09:30,undesired,,"not (Mon, [8:30,09:30])"
13,Thu,8:30,09:30,undesired,,"not (Thu, [8:30,09:30])"
13,Tue,8:30,09:30,undesired,,"not (Tue, [8:30,09:30])"
13,Wed,8:30,09:30,undesired,,"not (Wed, [8:30,09:30])"
14,Mon,10:30,11:30,undesired,,"not (Mon, [10:30,11:30])"
14,Mon,11:30,12:30,undesired,,"not (Mon, [11:30,12:30])"
14,Mon,14:30,15:30,undesired,,"not (Mon, [14:30,15:30])"
14,Thu,10:30,11:30,impossible,,"NOT (Thu, [10:30,11:30])"
14,Thu,11:30,12:30,impossible,,"NOT (Thu, [11:30,12:30])"
14,Thu,14:30,15:30,undesired,,"not (Thu, [14:30,15:30])"
14,Tue,10:30,11:30,undesired,,"not (Tue, [10:30,11:30])"
14,Tue,11:30,12:30,undesired,,"not (Tue, [11:30,12:30])"
14,Wed,10:30,11:30,undesired,,"not (Wed, [10:30,11:30])"
14,Wed,11:30,12:30,undesired,,"not (Wed, [11:30,12:30])"
15,Fri,17:30,18:30,impossible,,"NOT (Fri, [17:30,18:30])"
15,Fri,18:30,19:30,impossible,,"NOT (Fri, [18:30,19:30])"
15,Mon,17:30,18:30,undesired,,"not (Mon, [17:30,18:30])"
15,Mon,18:30,19:30,undesired,,"not (Mon, [18:30,19:30])"
15,Thu,17:30,18:30,undesired,,"not (Thu, [17:30,18:30])"
15,Thu,18:30,19:30,undesired,,"not (Thu, [18:30,19:30])"
15,Tue,17:30,18:30,undesired,,"not (Tue, [17:30,18:30])"
15,Tue,18:30,19:30,undesired,,"not (Tue, [18:30,19:30])"
15,Wed,17:30,18:30,undesired,,"not (Wed, [17:30,18:30])"
15,Wed,18:30,19:30,undesired,,"not (Wed, [18:30,19:30])"
16,Fri,17:30,18:30,undesired,,"not (Fri, [17:30,18:30])"
16,Fri,18:30,19:30,undesired,,"not (Fri, [18:30,19:30])"
16,Mon,17:30,18:30,undesired,,"not (Mon, [17:30,18:30])"
16,Mon,18:30,19:30,undesired,,"not (Mon, [18:30,19:30])"
16,Thu,17:30,18:30,undesired,,"not (Thu, [17:30,18:30])"
16,Thu,18:30,19:30,undesired,,"not (Thu, [18:30,19:30])"
16,Tue,17:30,18:30,undesired,,"not (Tue, [17:30,18:30])"
16,Tue,18:30,19:30,undesired,,"not (Tue, [18:30,19:30])"
16,Wed,17:30,18:30,undesired,,"not (Wed, [17:30,18:30])"
16,Wed,18:30,19:30,undesired,,"not (Wed, [18:30,19:30])"
17,Mon,10:30,11:30,undesired,,"not (Mon, [10:30,11:30])"
17,Mon,13:30,14:30,undesired,,"not (Mon, [13:30,14:30])"
17,Mon,16:30,17:30,undesired,,"not (Mon, [16:30,17:30])"
17,Thu,8:30,09:30,impossible,,"NOT (Thu, [8:30,09:30])"
17,Tue,10:30,11:30,undesired,,"not (Tue, [10:30,11:30])"
17,Tue,13:30,14:30,undesired,,"not (Tue, [13:30,14:30])"
17,Tue,16:30,17:30,undesired,,"not (Tue, [16:30,17:30])"
17,Tue,8:30,9:30,undesired,,"not (Tue, [8:30,9:30])"
17,Tue,9:30,10:30,undesired,,"not (Tue, [9:30,10:30])"
17,Wed,8:30,09:30,impossible,,"NOT (Wed, [8:30,09:30])"
18,Fri,10:30,11:30,undesired,,"not (Fri, [10:30,11:30])"
18,Fri,11:30,12:30,undesired,,"not (Fri, [11:30,12:30])"
18,Fri,12:30,13:30,undesired,,"not (Fri, [12:30,13:30])"
18,Fri,13:30,14:30,undesired,,"not (Fri, [13:30,14:30])"
18,Fri,14:30,15:30,undesired,,"not (Fri, [14:30,15:30])"
18,Fri,8:30,9:30,undesired,,"not (Fri, [8:30,9:30])"
18,Fri,9:30,10:30,undesired,,"not (Fri, [9:30,10:30])"
18,Wed,11:30,12:30,impossible,,"NOT (Wed, [11:30,12:30])"
18,Wed,12:30,13:30,impossible,,"NOT (Wed, [12:30,13:30])"
18,Wed,13:30,14:30,undesired,,"not (Wed, [13:30,14:30])"
19,Fri,8:30,09:30,impossible,,"NOT (Fri, [8:30,09:30])"
19,Fri,9:30,10:30,undesired,,"not (Fri, [9:30,10:30])"
19,Mon,8:30,09:30,impossible,,"NOT (Mon, [8:30,09:30])"
19,Mon,9:30,10:30,undesired,,"not (Mon, [9:30,10:30])"
19,Thu,8:30,9:30,undesired,,"not (Thu, [8:30,9:30])"
19,Thu,9:30,10:30,undesired,,"not (Thu, [9:30,10:30])"
19,Tue,8:30,9:30,undesired,,"not (Tue, [8:30,9:30])"
19,Tue,9:30,10:30,undesired,,"not (Tue, [9:30,10:30])"
19,Wed,8:30,9:30,undesired,,"not (Wed, [8:30,9:30])"
19,Wed,9:30,10:30,undesired,,"not (Wed, [9:30,10:30])"
20,Fri,15:30,16:30,impossible,,"NOT (Fri, [15:30,16:30])"
20,Fri,16:30,17:30,impossible,,"NOT (Fri, [16:30,17:30])"
21,Fri,16:30,17:30,undesired,,"not (Fri, [16:30,17:30])"
21,Fri,8:30,09:30,undesired,,"not (Fri, [8:30,09:30])"
21,Mon,16:30,17:30,undesired,,"not (Mon, [16:30,17:30])"
21,Mon,8:30,09:30,impossible,,"NOT (Mon, [8:30,09:30])"
21,Thu,16:30,17:30,undesired,,"not (Thu, [16:30,17:30])"
21,Thu,8:30,09:30,undesired,,"not (Thu, [8:30,09:30])"
21,Tue,16:30,17:30,undesired,,"not (Tue, [16:30,17:30])"
21,Tue,8:30,09:30,impossible,,"NOT (Tue, [8:30,09:30])"
21,Wed,16:30,17:30,undesired,,"not (Wed, [16:30,17:30])"
21,Wed,8:30,09:30,undesired,,"not (Wed, [8:30,09:30])"
22,Fri,13:30,14:30,undesired,,"not (Fri, [13:30,14:30])"
22,Fri,14:30,15:30,impossible,,"NOT (Fri, [14:30,15:30])"
22,Fri,8:30,09:30,undesired,,"not (Fri, [8:30,09:30])"
22,Mon,8:30,09:30,undesired,,"not (Mon, [8:30,09:30])"
22,Thu,12:30,13:30,undesired,,"not (Thu, [12:30,13:30])"
22,Thu,13:30,14:30,undesired,,"not (Thu, [13:30,14:30])"
22,Thu,14:30,15:30,impossible,,"NOT (Thu, [14:30,15:30])"
22,Thu,8:30,09:30,undesired,,"not (Thu, [8:30,09:30])"
22,Tue,8:30,09:30,undesired,,"not (Tue, [8:30,09:30])"
22,Wed,8:30,09:30,undesired,,"not (Wed, [8:30,09:30])"
23,Fri,15:30,16:30,impossible,,"NOT (Fri, [15:30,16:30])"
23,Fri,16:30,17:30,impossible,,"NOT (Fri, [16:30,17:30])"
23,Fri,17:30,18:30,undesired,,"not (Fri, [17:30,18:30])"
23,Fri,18:30,19:30,undesired,,"not (Fri, [18:30,19:30])"
23,Thu,17:30,18:30,undesired,,"not (Thu, [17:30,18:30])"
23,Thu,18:30,19:30,undesired,,"not (Thu, [18:30,19:30])"
23,Wed,15:30,16:30,undesired,,"not (Wed, [15:30,16:30])"
23,Wed,16:30,17:30,undesired,,"not (Wed, [16:30,17:30])"
23,Wed,17:30,18:30,undesired,,"not (Wed, [17:30,18:30])"
23,Wed,18:30,19:30,undesired,,"not (Wed, [18:30,19:30])"
24,Fri,16:30,17:30,undesired,,"not (Fri, [16:30,17:30])"
24,Fri,17:30,18:30,undesired,,"not (Fri, [17:30,18:30])"
24,Fri,18:30,19:30,undesired,,"not (Fri, [18:30,19:30])"
24,Mon,17:30,18:30,undesired,,"not (Mon, [17:30,18:30])"
24,Mon,18:30,19:30,undesired,,"not (Mon, [18:30,19:30])"
24,Thu,18:30,19:30,undesired,,"not (Thu, [18:30,19:30])"
24,Tue,17:30,18:30,undesired,,"not (Tue, [17:30,18:30])"
24,Tue,18:30,19:30,undesired,,"not (Tue, [18:30,19:30])"
24,Wed,17:30,18:30,impossible,,"NOT (Wed, [17:30,18:30])"
24,Wed,18:30,19:30,impossible,,"NOT (Wed, [18:30,19:30])"
25,Fri,16:30,17:30,undesired,,"not (Fri, [16:30,17:30])"
25,Fri,8:30,09:30,undesired,,"not (Fri, [8:30,09:30])"
25,Mon,16:30,17:30,undesired,,"not (Mon, [16:30,17:30])"
25,Mon,8:30,09:30,impossible,,"NOT (Mon, [8:30,09:30])"
25,Thu,16:30,17:30,undesired,,"not (Thu, [16:30,17:30])"
25,Thu,8:30,09:30,undesired,,"not (Thu, [8:30,09:30])"
25,Tue,16:30,17:30,undesired,,"not (Tue, [16:30,17:30])"
25,Tue,8:30,09:30,impossible,,"NOT (Tue, [8:30,09:30])"
25,Wed,16:30,17:30,undesired,,"not (Wed, [16:30,17:30])"
25,Wed,8:30,09:30,undesired,,"not (Wed, [8:30,09:30])"
26,Fri,17:30,18:30,impossible,,"NOT (Fri, [17:30,18:30])"
26,Fri,18:30,19:30,impossible,,"NOT (Fri, [18:30,19:30])"
26,Mon,17:30,18:30,undesired,,"not (Mon, [17:30,18:30])"
26,Mon,18:30,19:30,undesired,,"not (Mon, [18:30,19:30])"
26,Thu,17:30,18:30,undesired,,"not (Thu, [17:30,18:30])"
26,Thu,18:30,19:30,undesired,,"not (Thu, [18:30,19:30])"
26,Tue,17:30,18:30,undesired,,"not (Tue, [17:30,18:30])"
26,Tue,18:30,19:30,undesired,,"not (Tue, [18:30,19:30])"
26,Wed,17:30,18:30,undesired,,"not (Wed, [17:30,18:30])"
26,Wed,18:30,19:30,undesired,,"not (Wed, [18:30,19:30])"
27,Fri,18:30,19:30,undesired,,"not (Fri, [18:30,19:30])"
27,Fri,8:30,09:30,undesired,,"not (Fri, [8:30,09:30])"
27,Mon,18:30,19:30,undesired,,"not (Mon, [18:30,19:30])"
27,Mon,8:30,09:30,impossible,,"NOT (Mon, [8:30,09:30])"
27,Thu,18:30,19:30,undesired,,"not (Thu, [18:30,19:30])"
27,Thu,8:30,09:30,undesired,,"not (Thu, [8:30,09:30])"
27,Tue,18:30,19:30,undesired,,"not (Tue, [18:30,19:30])"
27,Tue,8:30,09:30,impossible,,"NOT (Tue, [8:30,09:30])"
27,Wed,18:30,19:30,undesired,,"not (Wed, [18:30,19:30])"
27,Wed,8:30,09:30,undesired,,"not (Wed, [8:30,09:30])"
28,Fri,17:30,18:30,impossible,,"NOT (Fri, [17:30,18:30])"
28,Fri,18:30,19:30,impossible,,"NOT (Fri, [18:30,19:30])"
28,Wed,14:30,15:30,undesired,,"not (Wed, [14:30,15:30])"
28,Wed,15:30,16:30,undesired,,"not (Wed, [15:30,16:30])"
29,Fri,15:30,16:30,undesired,,"not (Fri, [15:30,16:30])"
29,Mon,10:30,11:30,undesired,,"not (Mon, [10:30,11:30])"
29,Mon,11:30,12:30,undesired,,"not (Mon, [11:30,12:30])"
29,Mon,12:30,13:30,undesired,,"not (Mon, [12:30,13:30])"
29,Mon,15:30,16:30,undesired,,"not (Mon, [15:30,16:30])"
29,Mon,16:30,17:30,impossible,,"NOT (Mon, [16:30,17:30])"
29,Thu,15:30,16:30,undesired,,"not (Thu, [15:30,16:30])"
29,Tue,15:30,16:30,undesired,,"not (Tue, [15:30,16:30])"
29,Tue,16:30,17:30,impossible,,"NOT (Tue, [16:30,17:30])"
29,Wed,15:30,16:30,undesired,,"not (Wed, [15:30,16:30])"
30,Fri,10:30,11:30,undesired,,"not (Fri, [10:30,11:30])"
30,Fri,11:30,12:30,undesired,,"not (Fri, [11:30,12:30])"
30,Fri,16:30,17:30,impossible,,"NOT (Fri, [16:30,17:30])"
30,Fri,8:30,9:30,undesired,,"not (Fri, [8:30,9:30])"
30,Fri,9:30,10:30,undesired,,"not (Fri, [9:30,10:30])"
30,Thu,16:30,17:30,impossible,,"NOT (Thu, [16:30,17:30])"
30,Wed,10:30,11:30,undesired,,"not (Wed, [10:30,11:30])"
30,Wed,11:30,12:30,undesired,,"not (Wed, [11:30,12:30])"
30,Wed,8:30,9:30,undesired,,"not (Wed, [8:30,9:30])"
30,Wed,9:30,10:30,undesired,,"not (Wed, [9:30,10:30])"
31,Tue,10:30,11:30,undesired,,"not (Tue, [10:30,11:30])"
31,Tue,11:30,12:30,undesired,,"not (Tue, [11:30,12:30])"
31,Tue,12:30,13:30,undesired,,"not (Tue, [12:30,13:30])"
31,Tue,13:30,14:30,undesired,,"not (Tue, [13:30,14:30])"
31,Tue,8:30,9:30,undesired,,"not (Tue, [8:30,9:30])"
31,Tue,9:30,10:30,undesired,,"not (Tue, [9:30,10:30])"
32,Mon,8:30,09:30,undesired,,"not (Mon, [8:30,09:30])"
32,Wed,10:30,11:30,undesired,,"not (Wed, [10:30,11:30])"
32,Wed,11:30,12:30,undesired,,"not (Wed, [11:30,12:30])"
32,Wed,12:30,13:30,undesired,,"not (Wed, [12:30,13:30])"
32,Wed,13:30,14:30,undesired,,"not (Wed, [13:30,14:30])"
32,Wed,14:30,15:30,undesired,,"not (Wed, [14:30,15:30])"
32,Wed,15:30,16:30,undesired,,"not (Wed, [15:30,16:30])"
32,Wed,16:30,17:30,undesired,,"not (Wed, [16:30,17:30])"
32,Wed,8:30,9:30,impossible,,"NOT (Wed, [8:30,9:30])"
32,Wed,9:30,10:30,impossible,,"NOT (Wed, [9:30,10:30])"
33,Fri,16:30,17:30,undesired,,"not (Fri, [16:30,17:30])"
33,Fri,8:30,09:30,impossible,,"NOT (Fri, [8:30,09:30])"
33,Mon,16:30,17:30,undesired,,"not (Mon, [16:30,17:30])"
33,Mon,8:30,09:30,impossible,,"NOT (Mon, [8:30,09:30])"
33,Thu,16:30,17:30,undesired,,"not (Thu, [16:30,17:30])"
33,Thu,8:30,09:30,undesired,,"not (Thu, [8:30,09:30])"
33,Tue,16:30,17:30,undesired,,"not (Tue, [16:30,17:30])"
33,Tue,8:30,09:30,undesired,,"not (Tue, [8:30,09:30])"
33,Wed,16:30,17:30,undesired,,"not (Wed, [16:30,17:30])"
33,Wed,8:30,09:30,undesired,,"not (Wed, [8:30,09:30])"
34,Fri,10:30,11:30,undesired,,"not (Fri, [10:30,11:30])"
34,Fri,11:30,12:30,undesired,,"not (Fri, [11:30,12:30])"
34,Fri,15:30,16:30,undesired,,"not (Fri, [15:30,16:30])"
34,Fri,16:30,17:30,undesired,,"not (Fri, [16:30,17:30])"
34,Fri,17:30,18:30,impossible,,"NOT (Fri, [17:30,18:30])"
34,Fri,18:30,19:30,impossible,,"NOT (Fri, [18:30,19:30])"
34,Thu,11:30,12:30,undesired,,"not (Thu, [11:30,12:30])"
34,Thu,12:30,13:30,undesired,,"not (Thu, [12:30,13:30])"
34,Thu,15:30,16:30,undesired,,"not (Thu, [15:30,16:30])"
34,Thu,16:30,17:30,undesired,,"not (Thu, [16:30,17:30])"
35,Fri,16:30,17:30,undesired,,"not (Fri, [16:30,17:30])"
35,Fri,8:30,09:30,undesired,,"not (Fri, [8:30,09:30])"
35,Mon,16:30,17:30,undesired,,"not (Mon, [16:30,17:30])"
35,Mon,8:30,09:30,impossible,,"NOT (Mon, [8:30,09:30])"
35,Thu,16:30,17:30,undesired,,"not (Thu, [16:30,17:30])"
35,Thu,8:30,09:30,undesired,,"not (Thu, [8:30,09:30])"
35,Tue,16:30,17:30,undesired,,"not (Tue, [16:30,17:30])"
35,Tue,8:30,09:30,impossible,,"NOT (Tue, [8:30,09:30])"
35,Wed,16:30,17:30,undesired,,"not (Wed, [16:30,17:30])"
35,Wed,8:30,09:30,undesired,,"not (Wed, [8:30,09:30])"
36,Fri,13:30,14:30,undesired,,"not (Fri, [13:30,14:30])"
36,Fri,14:30,15:30,undesired,,"not (Fri, [14:30,15:30])"
36,Mon,13:30,14:30,undesired,,"not (Mon, [13:30,14:30])"
36,Mon,14:30,15:30,undesired,,"not (Mon, [14:30,15:30])"
36,Thu,13:30,14:30,undesired,,"not (Thu, [13:30,14:30])"
36,Thu,14:30,15:30,undesired,,"not (Thu, [14:30,15:30])"
36,Tue,13:30,14:30,impossible,,"NOT (Tue, [13:30,14:30])"
36,Tue,14:30,15:30,undesired,,"not (Tue, [14:30,15:30])"
36,Wed,13:30,14:30,impossible,,"NOT (Wed, [13:30,14:30])"
36,Wed,14:30,15:30,undesired,,"not (Wed, [14:30,15:30])"
37,Fri,17:30,18:30,impossible,,"NOT (Fri, [17:30,18:30])"
37,Fri,18:30,19:30,impossible,,"NOT (Fri, [18:30,19:30])"
37,Mon,17:30,18:30,undesired,,"not (Mon, [17:30,18:30])"
37,Mon,18:30,19:30,undesired,,"not (Mon, [18:30,19:30])"
37,Thu,17:30,18:30,undesired,,"not (Thu, [17:30,18:30])"
37,Thu,18:30,19:30,undesired,,"not (Thu, [18:30,19:30])"
37,Tue,17:30,18:30,undesired,,"not (Tue, [17:30,18:30])"
37,Tue,18:30,19:30,undesired,,"not (Tue, [18:30,19:30])"
37,Wed,17:30,18:30,undesired,,"not (Wed, [17:30,18:30])"
37,Wed,18:30,19:30,undesired,,"not (Wed, [18:30,19:30])"
38,Fri,8:30,09:30,undesired,,"not (Fri, [8:30,09:30])"
38,Mon,8:30,09:30,undesired,,"not (Mon, [8:30,09:30])"
38,Thu,10:30,11:30,undesired,,"not (Thu, [10:30,11:30])"
38,Thu,11:30,12:30,undesired,,"not (Thu, [11:30,12:30])"
38,Thu,8:30,09:30,impossible,,"NOT (Thu, [8:30,09:30])"
38,Thu,9:30,10:30,undesired,,"not (Thu, [9:30,10:30])"
38,Tue,10:30,11:30,undesired,,"not (Tue, [10:30,11:30])"
38,Tue,8:30,09:30,impossible,,"NOT (Tue, [8:30,09:30])"
38,Tue,9:30,10:30,undesired,,"not (Tue, [9:30,10:30])"
38,Wed,8:30,09:30,undesired,,"not (Wed, [8:30,09:30])"
39,Fri,13:30,14:30,undesired,,"not (Fri, [13:30,14:30])"
39,Fri,14:30,15:30,undesired,,"not (Fri, [14:30,15:30])"
39,Fri,15:30,16:30,undesired,,"not (Fri, [15:30,16:30])"
39,Fri,16:30,17:30,undesired,,"not (Fri, [16:30,17:30])"
39,Fri,17:30,18:30,impossible,,"NOT (Fri, [17:30,18:30])"
39,Fri,18:30,19:30,impossible,,"NOT (Fri, [18:30,19:30])"
39,Mon,13:30,14:30,undesired,,"not (Mon, [13:30,14:30])"
39,Thu,13:30,14:30,undesired,,"not (Thu, [13:30,14:30])"
39,Tue,13:30,14:30,undesired,,"not (Tue, [13:30,14:30])"
39,Wed,13:30,14:30,undesired,,"not (Wed, [13:30,14:30])"
40,Fri,13:30,14:30,undesired,,"not (Fri, [13:30,14:30])"
40,Fri,14:30,15:30,undesired,,"not (Fri, [14:30,15:30])"
40,Fri,8:30,09:30,undesired,,"not (Fri, [8:30,09:30])"
40,Mon,13:30,14:30,undesired,,"not (Mon, [13:30,14:30])"
40,Mon,14:30,15:30,undesired,,"not (Mon, [14:30,15:30])"
40,Mon,8:30,09:30,impossible,,"NOT (Mon, [8:30,09:30])"
40,Thu,13:30,14:30,undesired,,"not (Thu, [13:30,14:30])"
40,Thu,14:30,15:30,undesired,,"not (Thu, [14:30,15:30])"
40,Thu,8:30,09:30,undesired,,"not (Thu, [8:30,09:30])"
40,Tue,8:30,09:30,impossible,,"NOT (Tue, [8:30,09:30])"
41,Fri,10:30,11:30,undesired,,"not (Fri, [10:30,11:30])"
41,Fri,11:30,12:30,undesired,,"not (Fri, [11:30,12:30])"
41,Mon,10:30,11:30,impossible,,"NOT (Mon, [10:30,11:30])"
41,Mon,11:30,12:30,impossible,,"NOT (Mon, [11:30,12:30])"
41,Thu,10:30,11:30,undesired,,"not (Thu, [10:30,11:30])"
41,Thu,11:30,12:30,undesired,,"not (Thu, [11:30,12:30])"
41,Tue,10:30,11:30,undesired,,"not (Tue, [10:30,11:30])"
41,Tue,11:30,12:30,undesired,,"not (Tue, [11:30,12:30])"
41,Wed,10:30,11:30,undesired,,"not (Wed, [10:30,11:30])"
41,Wed,11:30,12:30,undesired,,"not (Wed, [11:30,12:30])"
42,Fri,18:30,19:30,undesired,,"not (Fri, [18:30,19:30])"
42,Fri,8:30,09:30,impossible,,"NOT (Fri, [8:30,09:30])"
42,Mon,18:30,19:30,undesired,,"not (Mon, [18:30,19:30])"
42,Mon,8:30,09:30,impossible,,"NOT (Mon, [8:30,09:30])"
42,Thu,18:30,19:30,undesired,,"not (Thu, [18:30,19:30])"
42,Thu,8:30,09:30,undesired,,"not (Thu, [8:30,09:30])"
42,Tue,18:30,19:30,undesired,,"not (Tue, [18:30,19:30])"
42,Tue,8:30,09:30,undesired,,"not (Tue, [8:30,09:30])"
42,Wed,18:30,19:30,undesired,,"not (Wed, [18:30,19:30])"
42,Wed,8:30,09:30,undesired,,"not (Wed, [8:30,09:30])"
43,Fri,15:30,16:30,impossible,,"NOT (Fri, [15:30,16:30])"
43,Fri,8:30,09:30,undesired,,"not (Fri, [8:30,09:30])"
43,Mon,15:30,16:30,impossible,,"NOT (Mon, [15:30,16:30])"
43,Mon,8:30,09:30,undesired,,"not (Mon, [8:30,09:30])"
43,Thu,16:30,17:30,undesired,,"not (Thu, [16:30,17:30])"
43,Thu,8:30,09:30,undesired,,"not (Thu, [8:30,09:30])"
43,Tue,16:30,17:30,undesired,,"not (Tue, [16:30,17:30])"
43,Tue,8:30,09:30,undesired,,"not (Tue, [8:30,09:30])"
43,Wed,15:30,16:30,undesired,,"not (Wed, [15:30,16:30])"
43,Wed,8:30,09:30,undesired,,"not (Wed, [8:30,09:30])"
44,Fri,8:30,09:30,undesired,,"not (Fri, [8:30,09:30])"
44,Mon,10:30,11:30,undesired,,"not (Mon, [10:30,11:30])"
44,Mon,8:30,9:30,impossible,,"NOT (Mon, [8:30,9:30])"
44,Mon,9:30,10:30,impossible,,"NOT (Mon, [9:30,10:30])"
44,Thu,8:30,09:30,undesired,,"not (Thu, [8:30,09:30])"
44,Tue,8:30,09:30,undesired,,"not (Tue, [8:30,09:30])"
44,Wed,8:30,09:30,undesired,,"not (Wed, [8:30,09:30])"
45,Fri,8:30,9:30,undesired,,"not (Fri, [8:30,9:30])"
45,Fri,9:30,10:30,undesired,,"not (Fri, [9:30,10:30])"
45,Mon,8:30,9:30,undesired,,"not (Mon, [8:30,9:30])"
45,Mon,9:30,10:30,undesired,,"not (Mon, [9:30,10:30])"
45,Thu,8:30,9:30,undesired,,"not (Thu, [8:30,9:30])"
45,Thu,9:30,10:30,undesired,,"not (Thu, [9:30,10:30])"
45,Tue,8:30,9:30,undesired,,"not (Tue, [8:30,9:30])"
45,Tue,9:30,10:30,undesired,,"not (Tue, [9:30,10:30])"
45,Wed,8:30,9:30,undesired,,"not (Wed, [8:30,9:30])"
45,Wed,9:30,10:30,undesired,,"not (Wed, [9:30,10:30])"
46,Fri,17:30,18:30,impossible,,"NOT (Fri, [17:30,18:30])"
46,Fri,18:30,19:30,impossible,,"NOT (Fri, [18:30,19:30])"
47,Fri,18:30,19:30,impossible,,"NOT (Fri, [18:30,19:30])"
47,Mon,18:30,19:30,undesired,,"not (Mon, [18:30,19:30])"
47,Tue,18:30,19:30,impossible,,"NOT (Tue, [18:30,19:30])"
47,Wed,18:30,19:30,undesired,,"not (Wed, [18:30,19:30])"
48,Fri,13:30,14:30,impossible,,"NOT (Fri, [13:30,14:30])"
48,Fri,14:30,15:30,impossible,,"NOT (Fri, [14:30,15:30])"
48,Fri,17:30,18:30,undesired,,"not (Fri, [17:30,18:30])"
48,Fri,18:30,19:30,undesired,,"not (Fri, [18:30,19:30])"
48,Fri,8:30,9:30,undesired,,"not (Fri, [8:30,9:30])"
48,Fri,9:30,10:30,undesired,,"not (Fri, [9:30,10:30])"
49,Mon,8:30,9:30,impossible,,"NOT (Mon, [8:30,9:30])"
49,Mon,9:30,10:30,impossible,,"NOT (Mon, [9:30,10:30])"
50,Fri,15:30,16:30,undesired,,"not (Fri, [15:30,16:30])"
50,Fri,16:30,17:30,undesired,,"not (Fri, [16:30,17:30])"
50,Mon,15:30,16:30,undesired,,"not (Mon, [15:30,16:30])"
50,Mon,16:30,17:30,impossible,,"NOT (Mon, [16:30,17:30])"
50,Thu,15:30,16:30,undesired,,"not (Thu, [15:30,16:30])"
50,Thu,16:30,17:30,impossible,,"NOT (Thu, [16:30,17:30])"
50,Tue,15:30,16:30,undesired,,"not (Tue, [15:30,16:30])"
50,Tue,16:30,17:30,undesired,,"not (Tue, [16:30,17:30])"
50,Wed,15:30,16:30,undesired,,"not (Wed, [15:30,16:30])"
50,Wed,16:30,17:30,undesired,,"not (Wed, [16:30,17:30])"
51,Thu,14:30,15:30,impossible,,"NOT (Thu, [14:30,15:30])"
51,Thu,15:30,16:30,undesired,,"not (Thu, [15:30,16:30])"
51,Thu,16:30,17:30,undesired,,"not (Thu, [16:30,17:30])"
51,Thu,17:30,18:30,undesired,,"not (Thu, [17:30,18:30])"
51,Thu,18:30,19:30,undesired,,"not (Thu, [18:30,19:30])"
51,Wed,14:30,15:30,impossible,,"NOT (Wed, [14:30,15:30])"
51,Wed,15:30,16:30,undesired,,"not (Wed, [15:30,16:30])"
51,Wed,16:30,17:30,undesired,,"not (Wed, [16:30,17:30])"
51,Wed,17:30,18:30,undesired,,"not (Wed, [17:30,18:30])"
51,Wed,18:30,19:30,undesired,,"not (Wed, [18:30,19:30])"
52,Mon,8:30,09:30,undesired,,"not (Mon, [8:30,09:30])"
52,Wed,10:30,11:30,undesired,,"not (Wed, [10:30,11:30])"
52,Wed,11:30,12:30,undesired,,"not (Wed, [11:30,12:30])"
52,Wed,12:30,13:30,undesired,,"not (Wed, [12:30,13:30])"
52,Wed,13:30,14:30,undesired,,"not (Wed, [13:30,14:30])"
52,Wed,14:30,15:30,undesired,,"not (Wed, [14:30,15:30])"
52,Wed,15:30,16:30,impossible,,"NOT (Wed, [15:30,16:30])"
52,Wed,16:30,17:30,impossible,,"NOT (Wed, [16:30,17:30])"
52,Wed,8:30,9:30,undesired,,"not (Wed, [8:30,9:30])"
52,Wed,9:30,10:30,undesired,,"not (Wed, [9:30,10:30])"
53,Fri,10:30,11:30,undesired,,"not (Fri, [10:30,11:30])"
53,Fri,15:30,16:30,undesired,,"not (Fri, [15:30,16:30])"
53,Mon,10:30,11:30,undesired,,"not (Mon, [10:30,11:30])"
53,Mon,15:30,16:30,impossible,,"NOT (Mon, [15:30,16:30])"
53,Thu,10:30,11:30,undesired,,"not (Thu, [10:30,11:30])"
53,Thu,15:30,16:30,undesired,,"not (Thu, [15:30,16:30])"
53,Tue,10:30,11:30,undesired,,"not (Tue, [10:30,11:30])"
53,Tue,15:30,16:30,undesired,,"not (Tue, [15:30,16:30])"
53,Wed,10:30,11:30,impossible,,"NOT (Wed, [10:30,11:30])"
53,Wed,15:30,16:30,undesired,,"not (Wed, [15:30,16:30])"
54,Fri,10:30,11:30,undesired,,"not (Fri, [10:30,11:30])"
54,Fri,11:30,12:30,undesired,,"not (Fri, [11:30,12:30])"
54,Fri,12:30,13:30,undesired,,"not (Fri, [12:30,13:30])"
54,Fri,13:30,14:30,undesired,,"not (Fri, [13:30,14:30])"
54,Fri,14:30,15:30,undesired,,"not (Fri, [14:30,15:30])"
54,Fri,15:30,16:30,undesired,,"not (Fri, [15:30,16:30])"
54,Fri,16:30,17:30,undesired,,"not (Fri, [16:30,17:30])"
54,Fri,17:30,18:30,undesired,,"not (Fri, [17:30,18:30])"
54,Fri,18:30,19:30,impossible,,"NOT (Fri, [18:30,19:30])"
54,Mon,18:30,19:30,impossible,,"NOT (Mon, [18:30,19:30])"
55,Fri,15:30,16:30,undesired,,"not (Fri, [15:30,16:30])"
55,Fri,8:30,09:30,undesired,,"not (Fri, [8:30,09:30])"
55,Mon,15:30,16:30,undesired,,"not (Mon, [15:30,16:30])"
55,Mon,8:30,09:30,undesired,,"not (Mon, [8:30,09:30])"
55,Thu,15:30,16:30,undesired,,"not (Thu, [15:30,16:30])"
55,Thu,8:30,09:30,undesired,,"not (Thu, [8:30,09:30])"
55,Tue,15:30,16:30,impossible,,"NOT (Tue, [15:30,16:30])"
55,Tue,8:30,09:30,undesired,,"not (Tue, [8:30,09:30])"
55,Wed,15:30,16:30,impossible,,"NOT (Wed, [15:30,16:30])"
55,Wed,8:30,09:30,undesired,,"not (Wed, [8:30,09:30])"
56,Fri,18:30,19:30,undesired,,"not (Fri, [18:30,19:30])"
56,Mon,18:30,19:30,undesired,,"not (Mon, [18:30,19:30])"
56,Thu,18:30,19:30,undesired,,"not (Thu, [18:30,19:30])"
56,Tue,18:30,19:30,undesired,,"not (Tue, [18:30,19:30])"
56,Wed,18:30,19:30,undesired,,"not (Wed, [18:30,19:30])"
57,Fri,10:30,11:30,undesired,,"not (Fri, [10:30,11:30])"
57,Fri,8:30,9:30,undesired,,"not (Fri, [8:30,9:30])"
57,Fri,9:30,10:30,undesired,,"not (Fri, [9:30,10:30])"
57,Mon,10:30,11:30,undesired,,"not (Mon, [10:30,11:30])"
57,Mon,8:30,9:30,undesired,,"not (Mon, [8:30,9:30])"
57,Mon,9:30,10:30,undesired,,"not (Mon, [9:30,10:30])"
57,Thu,15:30,16:30,impossible,,"NOT (Thu, [15:30,16:30])"
57,Tue,8:30,9:30,undesired,,"not (Tue, [8:30,9:30])"
57,Tue,9:30,10:30,undesired,,"not (Tue, [9:30,10:30])"
57,Wed,15:30,16:30,impossible,,"NOT (Wed, [15:30,16:30])"
58,Fri,8:30,9:30,undesired,,"not (Fri, [8:30,9:30])"
58,Fri,9:30,10:30,undesired,,"not (Fri, [9:30,10:30])"
58,Mon,8:30,9:30,impossible,,"NOT (Mon, [8:30,9:30])"
58,Mon,9:30,10:30,impossible,,"NOT (Mon, [9:30,10:30])"
58,Thu,8:30,9:30,undesired,,"not (Thu, [8:30,9:30])"
58,Thu,9:30,10:30,undesired,,"not (Thu, [9:30,10:30])"
58,Tue,8:30,9:30,undesired,,"not (Tue, [8:30,9:30])"
58,Tue,9:30,10:30,undesired,,"not (Tue, [9:30,10:30])"
58,Wed,8:30,9:30,undesired,,"not (Wed, [8:30,9:30])"
58,Wed,9:30,10:30,undesired,,"not (Wed, [9:30,10:30])"
59,Fri,16:30,17:30,undesired,,"not (Fri, [16:30,17:30])"
59,Mon,10:30,11:30,undesired,,"not (Mon, [10:30,11:30])"
59,Mon,11:30,12:30,undesired,,"not (Mon, [11:30,12:30])"
59,Mon,12:30,13:30,undesired,,"not (Mon, [12:30,13:30])"
59,Mon,13:30,14:30,undesired,,"not (Mon, [13:30,14:30])"
59,Mon,14:30,15:30,undesired,,"not (Mon, [14:30,15:30])"
59,Mon,15:30,16:30,undesired,,"not (Mon, [15:30,16:30])"
59,Mon,16:30,17:30,undesired,,"not (Mon, [16:30,17:30])"
59,Mon,8:30,9:30,impossible,,"NOT (Mon, [8:30,9:30])"
59,Mon,9:30,10:30,impossible,,"NOT (Mon, [9:30,10:30])"
60,Fri,18:30,19:30,undesired,,"not (Fri, [18:30,19:30])"
60,Fri,8:30,09:30,impossible,,"NOT (Fri, [8:30,09:30])"
60,Mon,18:30,19:30,undesired,,"not (Mon, [18:30,19:30])"
60,Mon,8:30,09:30,impossible,,"NOT (Mon, [8:30,09:30])"
60,Thu,18:30,19:30,undesired,,"not (Thu, [18:30,19:30])"
60,Thu,8:30,09:30,undesired,,"not (Thu, [8:30,09:30])"
60,Tue,18:30,19:30,undesired,,"not (Tue, [18:30,19:30])"
60,Tue,8:30,09:30,undesired,,"not (Tue, [8:30,09:30])"
60,Wed,18:30,19:30,undesired,,"not (Wed, [18:30,19:30])"
60,Wed,8:30,09:30,undesired,,"not (Wed, [8:30,09:30])"
61,Mon,18:30,19:30,impossible,,"NOT (Mon, [18:30,19:30])"
61,Thu,18:30,19:30,undesired,,"not (Thu, [18:30,19:30])"
61,Tue,18:30,19:30,impossible,,"NOT (Tue, [18:30,19:30])"
61,Wed,18:30,19:30,undesired,,"not (Wed, [18:30,19:30])"
62,Fri,10:30,11:30,undesired,,"not (Fri, [10:30,11:30])"
62,Fri,11:30,12:30,undesired,,"not (Fri, [11:30,12:30])"
62,Fri,12:30,13:30,undesired,,"not (Fri, [12:30,13:30])"
62,Fri,13:30,14:30,undesired,,"not (Fri, [13:30,14:30])"
62,Fri,14:30,15:30,undesired,,"not (Fri, [14:30,15:30])"
62,Fri,8:30,09:30,impossible,,"NOT (Fri, [8:30,09:30])"
62,Mon,10:30,11:30,undesired,,"not (Mon, [10:30,11:30])"
62,Mon,11:30,12:30,undesired,,"not (Mon, [11:30,12:30])"
62,Mon,8:30,9:30,undesired,,"not (Mon, [8:30,9:30])"
62,Mon,9:30,10:30,undesired,,"not (Mon, [9:30,10:30])"
63,Fri,18:30,19:30,undesired,,"not (Fri, [18:30,19:30])"
63,Fri,8:30,09:30,undesired,,"not (Fri, [8:30,09:30])"
63,Mon,18:30,19:30,undesired,,"not (Mon, [18:30,19:30])"
63,Mon,8:30,09:30,undesired,,"not (Mon, [8:30,09:30])"
63,Thu,18:30,19:30,undesired,,"not (Thu, [18:30,19:30])"
63,Thu,8:30,09:30,undesired,,"not (Thu, [8:30,09:30])"
63,Tue,18:30,19:30,undesired,,"not (Tue, [18:30,19:30])"
63,Tue,8:30,09:30,undesired,,"not (Tue, [8:30,09:30])"
63,Wed,18:30,19:30,undesired,,"not (Wed, [18:30,19:30])"
63,Wed,8:30,09:30,undesired,,"not (Wed, [8:30,09:30])"
64,Fri,13:30,14:30,impossible,,"NOT (Fri, [13:30,14:30])"
64,Fri,14:30,15:30,undesired,,"not (Fri, [14:30,15:30])"
64,Fri,15:30,16:30,undesired,,"not (Fri, [15:30,16:30])"
64,Fri,16:30,17:30,undesired,,"not (Fri, [16:30,17:30])"
64,Fri,17:30,18:30,undesired,,"not (Fri, [17:30,18:30])"
64,Fri,18:30,19:30,undesired,,"not (Fri, [18:30,19:30])"
64,Tue,13:30,14:30,impossible,,"NOT (Tue, [13:30,14:30])"
64,Tue,14:30,15:30,undesired,,"not (Tue, [14:30,15:30])"
64,Tue,15:30,16:30,undesired,,"not (Tue, [15:30,16:30])"
64,Tue,16:30,17:30,undesired,,"not (Tue, [16:30,17:30])"
65,Thu,8:30,9:30,impossible,,"NOT (Thu, [8:30,9:30])"
65,Thu,9:30,10:30,impossible,,"NOT (Thu, [9:30,10:30])"
65,Wed,10:30,11:30,undesired,,"not (Wed, [10:30,11:30])"
65,Wed,11:30,12:30,undesired,,"not (Wed, [11:30,12:30])"
66,Fri,18:30,19:30,impossible,,"NOT (Fri, [18:30,19:30])"
66,Fri,8:30,09:30,undesired,,"not (Fri, [8:30,09:30])"
66,Mon,18:30,19:30,undesired,,"not (Mon, [18:30,19:30])"
66,Mon,8:30,09:30,undesired,,"not (Mon, [8:30,09:30])"
66,Thu,18:30,19:30,impossible,,"NOT (Thu, [18:30,19:30])"
66,Thu,8:30,09:30,undesired,,"not (Thu, [8:30,09:30])"
66,Tue,18:30,19:30,undesired,,"not (Tue, [18:30,19:30])"
66,Tue,8:30,09:30,undesired,,"not (Tue, [8:30,09:30])"
66,Wed,18:30,19:30,undesired,,"not (Wed, [18:30,19:30])"
66,Wed,8:30,09:30,undesired,,"not (Wed, [8:30,09:30])"
67,Fri,14:30,15:30,undesired,,"not (Fri, [14:30,15:30])"
67,Fri,15:30,16:30,undesired,,"not (Fri, [15:30,16:30])"
67,Mon,10:30,11:30,undesired,,"not (Mon, [10:30,11:30])"
67,Mon,11:30,12:30,undesired,,"not (Mon, [11:30,12:30])"
67,Mon,12:30,13:30,undesired,,"not (Mon, [12:30,13:30])"
67,Mon,13:30,14:30,undesired,,"not (Mon, [13:30,14:30])"
67,Mon,14:30,15:30,undesired,,"not (Mon, [14:30,15:30])"
67,Mon,15:30,16:30,undesired,,"not (Mon, [15:30,16:30])"
67,Mon,8:30,9:30,impossible,,"NOT (Mon, [8:30,9:30])"
67,Mon,9:30,10:30,impossible,,"NOT (Mon, [9:30,10:30])"
68,Fri,17:30,18:30,impossible,,"NOT (Fri, [17:30,18:30])"
68,Fri,18:30,19:30,impossible,,"NOT (Fri, [18:30,19:30])"
68,Mon,14:30,15:30,undesired,,"not (Mon, [14:30,15:30])"
68,Mon,15:30,16:30,undesired,,"not (Mon, [15:30,16:30])"
68,Mon,16:30,17:30,undesired,,"not (Mon, [16:30,17:30])"
68,Wed,14:30,15:30,undesired,,"not (Wed, [14:30,15:30])"
68,Wed,15:30,16:30,undesired,,"not (Wed, [15:30,16:30])"
68,Wed,16:30,17:30,undesired,,"not (Wed, [16:30,17:30])"
68,Wed,17:30,18:30,undesired,,"not (Wed, [17:30,18:30])"
68,Wed,18:30,19:30,undesired,,"not (Wed, [18:30,19:30])"
69,Mon,11:30,12:30,undesired,,"not (Mon, [11:30,12:30])"
69,Mon,12:30,13:30,undesired,,"not (Mon, [12:30,13:30])"
69,Mon,13:30,14:30,undesired,,"not (Mon, [13:30,14:30])"
69,Mon,14:30,15:30,impossible,,"NOT (Mon, [14:30,15:30])"
69,Mon,15:30,16:30,impossible,,"NOT (Mon, [15:30,16:30])"
69,Mon,16:30,17:30,undesired,,"not (Mon, [16:30,17:30])"
69,Mon,17:30,18:30,undesired,,"not (Mon, [17:30,18:30])"
69,Mon,18:30,19:30,undesired,,"not (Mon, [18:30,19:30])"
70,Fri,10:30,11:30,undesired,,"not (Fri, [10:30,11:30])"
70,Fri,11:30,12:30,undesired,,"not (Fri, [11:30,12:30])"
70,Fri,12:30,13:30,undesired,,"not (Fri, [12:30,13:30])"
70,Fri,13:30,14:30,undesired,,"not (Fri, [13:30,14:30])"
70,Fri,14:30,15:30,undesired,,"not (Fri, [14:30,15:30])"
70,Fri,15:30,16:30,undesired,,"not (Fri, [15:30,16:30])"
70,Fri,16:30,17:30,undesired,,"not (Fri, [16:30,17:30])"
70,Fri,8:30,09:30,impossible,,"NOT (Fri, [8:30,09:30])"
70,Fri,9:30,10:30,undesired,,"not (Fri, [9:30,10:30])"
70,Mon,8:30,09:30,impossible,,"NOT (Mon, [8:30,09:30])"
71,Fri,15:30,16:30,undesired,,"not (Fri, [15:30,16:30])"
71,Fri,16:30,17:30,undesired,,"not (Fri, [16:30,17:30])"
71,Fri,17:30,18:30,undesired,,"not (Fri, [17:30,18:30])"
71,Fri,18:30,19:30,undesired,,"not (Fri, [18:30,19:30])"
71,Mon,10:30,11:30,undesired,,"not (Mon, [10:30,11:30])"
71,Mon,11:30,12:30,undesired,,"not (Mon, [11:30,12:30])"
71,Mon,12:30,13:30,undesired,,"not (Mon, [12:30,13:30])"
71,Mon,13:30,14:30,undesired,,"not (Mon, [13:30,14:30])"
71,Mon,8:30,9:30,impossible,,"NOT (Mon, [8:30,9:30])"
71,Mon,9:30,10:30,impossible,,"NOT (Mon, [9:30,10:30])"
72,Fri,15:30,16:30,undesired,,"not (Fri, [15:30,16:30])"
72,Fri,8:30,09:30,undesired,,"not (Fri, [8:30,09:30])"
72,Mon,15:30,16:30,undesired,,"not (Mon, [15:30,16:30])"
72,Mon,8:30,09:30,undesired,,"not (Mon, [8:30,09:30])"
72,Thu,15:30,16:30,undesired,,"not (Thu, [15:30,16:30])"
72,Thu,8:30,09:30,impossible,,"NOT (Thu, [8:30,09:30])"
72,Tue,15:30,16:30,undesired,,"not (Tue, [15:30,16:30])"
72,Tue,8:30,09:30,impossible,,"NOT (Tue, [8:30,09:30])"
72,Wed,15:30,16:30,undesired,,"not (Wed, [15:30,16:30])"
72,Wed,8:30,09:30,undesired,,"not (Wed, [8:30,09:30])"
73,Fri,8:30,9:30,undesired,,"not (Fri, [8:30,9:30])"
73,Fri,9:30,10:30,undesired,,"not (Fri, [9:30,10:30])"
73,Mon,8:30,9:30,undesired,,"not (Mon, [8:30,9:30])"
73,Mon,9:30,10:30,undesired,,"not (Mon, [9:30,10:30])"
73,Thu,8:30,09:30,impossible,,"NOT (Thu, [8:30,09:30])"
73,Thu,9:30,10:30,undesired,,"not (Thu, [9:30,10:30])"
73,Tue,8:30,09:30,impossible,,"NOT (Tue, [8:30,09:30])"
73,Tue,9:30,10:30,undesired,,"not (Tue, [9:30,10:30])"
73,Wed,8:30,9:30,undesired,,"not (Wed, [8:30,9:30])"
73,Wed,9:30,10:30,undesired,,"not (Wed, [9:30,10:30])"
74,Fri,15:30,16:30,undesired,,"not (Fri, [15:30,16:30])"
74,Fri,16:30,17:30,undesired,,"not (Fri, [16:30,17:30])"
74,Fri,8:30,09:30,undesired,,"not (Fri, [8:30,09:30])"
74,Mon,10:30,11:30,undesired,,"not (Mon, [10:30,11:30])"
74,Mon,11:30,12:30,undesired,,"not (Mon, [11:30,12:30])"
74,Mon,8:30,9:30,impossible,,"NOT (Mon, [8:30,9:30])"
74,Mon,9:30,10:30,impossible,,"NOT (Mon, [9:30,10:30])"
74,Thu,8:30,09:30,undesired,,"not (Thu, [8:30,09:30])"
74,Tue,8:30,09:30,undesired,,"not (Tue, [8:30,09:30])"
74,Wed,8:30,09:30,undesired,,"not (Wed, [8:30,09:30])"
75,Fri,17:30,18:30,impossible,,"NOT (Fri, [17:30,18:30])"
75,Fri,18:30,19:30,impossible,,"NOT (Fri, [18:30,19:30])"
75,Mon,17:30,18:30,undesired,,"not (Mon, [17:30,18:30])"
75,Mon,18:30,19:30,undesired,,"not (Mon, [18:30,19:30])"
75,Thu,17:30,18:30,undesired,,"not (Thu, [17:30,18:30])"
75,Thu,18:30,19:30,undesired,,"not (Thu, [18:30,19:30])"
75,Tue,17:30,18:30,undesired,,"not (Tue, [17:30,18:30])"
75,Tue,18:30,19:30,undesired,,"not (Tue, [18:30,19:30])"
75,Wed,17:30,18:30,undesired,,"not (Wed, [17:30,18:30])"
75,Wed,18:30,19:30,undesired,,"not (Wed, [18:30,19:30])"
76,Fri,10:30,11:30,undesired,,"not (Fri, [10:30,11:30])"
76,Fri,11:30,12:30,undesired,,"not (Fri, [11:30,12:30])"
76,Fri,8:30,9:30,undesired,,"not (Fri, [8:30,9:30])"
76,Fri,9:30,10:30,undesired,,"not (Fri, [9:30,10:30])"
76,Mon,10:30,11:30,undesired,,"not (Mon, [10:30,11:30])"
76,Mon,11:30,12:30,undesired,,"not (Mon, [11:30,12:30])"
76,Mon,8:30,9:30,impossible,,"NOT (Mon, [8:30,9:30])"
76,Mon,9:30,10:30,impossible,,"NOT (Mon, [9:30,10:30])"
76,Thu,15:30,16:30,undesired,,"not (Thu, [15:30,16:30])"
76,Thu,16:30,17:30,undesired,,"not (Thu, [16:30,17:30])"
77,Fri,13:30,14:30,undesired,,"not (Fri, [13:30,14:30])"
77,Fri,18:30,19:30,impossible,,"NOT (Fri, [18:30,19:30])"
77,Mon,13:30,14:30,undesired,,"not (Mon, [13:30,14:30])"
77,Mon,18:30,19:30,impossible,,"NOT (Mon, [18:30,19:30])"
77,Thu,13:30,14:30,undesired,,"not (Thu, [13:30,14:30])"
77,Thu,18:30,19:30,undesired,,"not (Thu, [18:30,19:30])"
77,Tue,13:30,14:30,undesired,,"not (Tue, [13:30,14:30])"
77,Tue,18:30,19:30,undesired,,"not (Tue, [18:30,19:30])"
77,Wed,13:30,14:30,undesired,,"not (Wed, [13:30,14:30])"
77,Wed,18:30,19:30,undesired,,"not (Wed, [18:30,19:30])"
78,Fri,17:30,18:30,undesired,,"not (Fri, [17:30,18:30])"
78,Fri,18:30,19:30,undesired,,"not (Fri, [18:30,19:30])"
78,Mon,17:30,18:30,undesired,,"not (Mon, [17:30,18:30])"
78,Mon,18:30,19:30,undesired,,"not (Mon, [18:30,19:30])"
78,Thu,17:30,18:30,undesired,,"not (Thu, [17:30,18:30])"
78,Thu,18:30,19:30,undesired,,"not (Thu, [18:30,19:30])"
78,Tue,17:30,18:30,undesired,,"not (Tue, [17:30,18:30])"
78,Tue,18:30,19:30,undesired,,"not (Tue, [18:30,19:30])"
78,Wed,17:30,18:30,impossible,,"NOT (Wed, [17:30,18:30])"
78,Wed,18:30,19:30,impossible,,"NOT (Wed, [18:30,19:30])"
79,Fri,13:30,14:30,impossible,,"NOT (Fri, [13:30,14:30])"
79,Fri,14:30,15:30,impossible,,"NOT (Fri, [14:30,15:30])"
79,Mon,10:30,11:30,undesired,,"not (Mon, [10:30,11:30])"
79,Mon,8:30,9:30,undesired,,"not (Mon, [8:30,9:30])"
79,Mon,9:30,10:30,undesired,,"not (Mon, [9:30,10:30])"
80,Fri,12:30,13:30,undesired,,"not (Fri, [12:30,13:30])"
80,Fri,18:30,19:30,undesired,,"not (Fri, [18:30,19:30])"
80,Mon,12:30,13:30,undesired,,"not (Mon, [12:30,13:30])"
80,Mon,18:30,19:30,impossible,,"NOT (Mon, [18:30,19:30])"
80,Thu,12:30,13:30,undesired,,"not (Thu, [12:30,13:30])"
80,Thu,18:30,19:30,undesired,,"not (Thu, [18:30,19:30])"
80,Tue,12:30,13:30,undesired,,"not (Tue, [12:30,13:30])"
80,Tue,18:30,19:30,impossible,,"NOT (Tue, [18:30,19:30])"
80,Wed,12:30,13:30,undesired,,"not (Wed, [12:30,13:30])"
80,Wed,18:30,19:30,undesired,,"not (Wed, [18:30,19:30])"
81,Fri,18:30,19:30,undesired,,"not (Fri, [18:30,19:30])"
81,Fri,8:30,09:30,undesired,,"not (Fri, [8:30,09:30])"
81,Mon,18:30,19:30,undesired,,"not (Mon, [18:30,19:30])"
81,Mon,8:30,09:30,impossible,,"NOT (Mon, [8:30,09:30])"
81,Thu,18:30,19:30,undesired,,"not (Thu, [18:30,19:30])"
81,Thu,8:30,09:30,undesired,,"not (Thu, [8:30,09:30])"
81,Tue,18:30,19:30,undesired,,"not (Tue, [18:30,19:30])"
81,Tue,8:30,09:30,impossible,,"NOT (Tue, [8:30,09:30])"
81,Wed,18:30,19:30,undesired,,"not (Wed, [18:30,19:30])"
81,Wed,8:30,09:30,undesired,,"not (Wed, [8:30,09:30])"
82,Fri,15:30,16:30,undesired,,"not (Fri, [15:30,16:30])"
82,Fri,16:30,17:30,undesired,,"not (Fri, [16:30,17:30])"
82,Mon,15:30,16:30,impossible,,"NOT (Mon, [15:30,16:30])"
82,Mon,16:30,17:30,undesired,,"not (Mon, [16:30,17:30])"
82,Thu,15:30,16:30,undesired,,"not (Thu, [15:30,16:30])"
82,Thu,16:30,17:30,undesired,,"not (Thu, [16:30,17:30])"
82,Tue,15:30,16:30,impossible,,"NOT (Tue, [15:30,16:30])"
82,Tue,16:30,17:30,undesired,,"not (Tue, [16:30,17:30])"
82,Wed,15:30,16:30,undesired,,"not (Wed, [15:30,16:30])"
82,Wed,16:30,17:30,undesired,,"not (Wed, [16:30,17:30])"
83,Fri,8:30,9:30,undesired,,"not (Fri, [8:30,9:30])"
83,Fri,9:30,10:30,undesired,,"not (Fri, [9:30,10:30])"
83,Mon,8:30,09:30,impossible,,"NOT (Mon, [8:30,09:30])"
83,Mon,9:30,10:30,undesired,,"not (Mon, [9:30,10:30])"
83,Thu,8:30,9:30,undesired,,"not (Thu, [8:30,9:30])"
83,Thu,9:30,10:30,undesired,,"not (Thu, [9:30,10:30])"
83,Tue,8:30,09:30,impossible,,"NOT (Tue, [8:30,09:30])"
83,Tue,9:30,10:30,undesired,,"not (Tue, [9:30,10:30])"
83,Wed,8:30,9:30,undesired,,"not (Wed, [8:30,9:30])"
83,Wed,9:30,10:30,undesired,,"not (Wed, [9:30,10:30])"
84,Fri,17:30,18:30,undesired,,"not (Fri, [17:30,18:30])"
84,Fri,18:30,19:30,impossible,,"NOT (Fri, [18:30,19:30])"
84,Mon,18:30,19:30,undesired,,"not (Mon, [18:30,19:30])"
84,Mon,8:30,09:30,undesired,,"not (Mon, [8:30,09:30])"
84,Thu,17:30,18:30,undesired,,"not (Thu, [17:30,18:30])"
84,Thu,18:30,19:30,impossible,,"NOT (Thu, [18:30,19:30])"
84,Tue,17:30,18:30,undesired,,"not (Tue, [17:30,18:30])"
84,Tue,18:30,19:30,undesired,,"not (Tue, [18:30,19:30])"
84,Wed,17:30,18:30,undesired,,"not (Wed, [17:30,18:30])"
84,Wed,18:30,19:30,undesired,,"not (Wed, [18:30,19:30])"
85,Fri,13:30,14:30,undesired,,"not (Fri, [13:30,14:30])"
85,Mon,13:30,14:30,undesired,,"not (Mon, [13:30,14:30])"
85,Thu,13:30,14:30,undesired,,"not (Thu, [13:30,14:30])"
85,Tue,13:30,14:30,undesired,,"not (Tue, [13:30,14:30])"
85,Wed,13:30,14:30,undesired,,"not (Wed, [13:30,14:30])"
86,Mon,10:30,11:30,undesired,,"not (Mon, [10:30,11:30])"
86,Mon,11:30,12:30,undesired,,"not (Mon, [11:30,12:30])"
86,Mon,8:30,9:30,impossible,,"NOT (Mon, [8:30,9:30])"
86,Mon,9:30,10:30,impossible,,"NOT (Mon, [9:30,10:30])"
86,Tue,14:30,15:30,undesired,,"not (Tue, [14:30,15:30])"
86,Tue,15:30,16:30,undesired,,"not (Tue, [15:30,16:30])"
86,Wed,14:30,15:30,undesired,,"not (Wed, [14:30,15:30])"
86,Wed,15:30,16:30,undesired,,"not (Wed, [15:30,16:30])"
87,Fri,13:30,14:30,undesired,,"not (Fri, [13:30,14:30])"
87,Fri,14:30,15:30,undesired,,"not (Fri, [14:30,15:30])"
87,Fri,15:30,16:30,undesired,,"not (Fri, [15:30,16:30])"
87,Fri,16:30,17:30,undesired,,"not (Fri, [16:30,17:30])"
87,Fri,17:30,18:30,impossible,,"NOT (Fri, [17:30,18:30])"
87,Fri,18:30,19:30,impossible,,"NOT (Fri, [18:30,19:30])"
88,Fri,10:30,11:30,undesired,,"not (Fri, [10:30,11:30])"
88,Fri,11:30,12:30,undesired,,"not (Fri, [11:30,12:30])"
88,Fri,12:30,13:30,undesired,,"not (Fri, [12:30,13:30])"
88,Fri,15:30,16:30,undesired,,"not (Fri, [15:30,16:30])"
88,Fri,16:30,17:30,impossible,,"NOT (Fri, [16:30,17:30])"
88,Fri,17:30,18:30,undesired,,"not (Fri, [17:30,18:30])"
88,Fri,18:30,19:30,undesired,,"not (Fri, [18:30,19:30])"
88,Thu,16:30,17:30,impossible,,"NOT (Thu, [16:30,17:30])"
88,Thu,17:30,18:30,undesired,,"not (Thu, [17:30,18:30])"
88,Thu,18:30,19:30,undesired,,"not (Thu, [18:30,19:30])"
